{
  "metadata": {
    "generated_at": "2025-07-05 11:22:23",
    "normalization_enabled": false
  },
  "statistics": {
    "basic_stats": {
      "total_plates": 1652,
      "unique_plates": 1227,
      "duplicate_plates": 425,
      "total_characters": 13229,
      "unique_characters": 36,
      "average_plate_length": 8.007869249394673,
      "median_plate_length": 8.0,
      "min_plate_length": 7,
      "max_plate_length": 9
    },
    "character_frequency": {
      "0": 1334,
      "3": 1292,
      "9": 1139,
      "5": 918,
      "2": 913,
      "1": 903,
      "6": 725,
      "4": 716,
      "8": 690,
      "7": 638,
      "A": 494,
      "F": 329,
      "E": 226,
      "G": 206,
      "H": 171,
      "C": 155,
      "S": 152,
      "L": 147,
      "M": 139,
      "U": 128,
      "D": 127,
      "Y": 127,
      "V": 126,
      "T": 124,
      "P": 121,
      "B": 121,
      "W": 121,
      "X": 120,
      "K": 116,
      "Z": 108,
      "N": 106,
      "J": 104,
      "O": 102,
      "I": 102,
      "Q": 98,
      "R": 91
    },
    "character_percentages": {
      "5": 6.939300022677451,
      "0": 10.083906568901655,
      "Z": 0.8163882379620531,
      "6": 5.480384004837856,
      "7": 4.822737924257313,
      "8": 5.215813742535339,
      "1": 6.825912767404943,
      "F": 2.4869604656436617,
      "9": 8.60987225035906,
      "4": 5.412351651674352,
      "P": 0.9146571925315594,
      "2": 6.901504270919949,
      "A": 3.734220273641243,
      "3": 9.766422254138634,
      "S": 1.1489908534280746,
      "H": 1.2926147101065841,
      "G": 1.5571849724091011,
      "E": 1.708367979439111,
      "D": 0.9600120946405624,
      "C": 1.1716683044825762,
      "O": 0.7710333358530501,
      "M": 1.0507218988585683,
      "U": 0.9675712449920629,
      "V": 0.9524529442890619,
      "N": 0.801269937259052,
      "X": 0.9070980421800591,
      "L": 1.1111951016705721,
      "T": 0.9373346435860609,
      "B": 0.9146571925315594,
      "K": 0.8768614407740569,
      "R": 0.6878826819865448,
      "Y": 0.9600120946405624,
      "W": 0.9146571925315594,
      "Q": 0.7407967344470481,
      "I": 0.7710333358530501,
      "J": 0.7861516365560511
    },
    "length_distribution": {
      "7": 240,
      "8": 1159,
      "9": 253
    },
    "position_analysis": {
      "0": {
        "3": 589,
        "2": 201,
        "5": 181,
        "8": 123,
        "6": 51,
        "9": 45,
        "1": 43,
        "Q": 22,
        "7": 21,
        "F": 20,
        "N": 20,
        "S": 19,
        "B": 19,
        "H": 17,
        "Y": 17,
        "D": 17,
        "M": 17,
        "4": 16,
        "K": 16,
        "0": 15,
        "J": 15,
        "P": 15,
        "W": 15,
        "A": 14,
        "E": 14,
        "L": 13,
        "C": 12,
        "T": 12,
        "I": 11,
        "O": 10,
        "Z": 10,
        "X": 10,
        "U": 9,
        "R": 8,
        "G": 8,
        "V": 7
      },
      "1": {
        "0": 566,
        "9": 425,
        "4": 62,
        "6": 45,
        "8": 41,
        "1": 38,
        "5": 36,
        "7": 35,
        "2": 31,
        "3": 23,
        "A": 19,
        "E": 18,
        "W": 18,
        "Y": 18,
        "U": 17,
        "T": 17,
        "O": 16,
        "X": 16,
        "Q": 15,
        "L": 15,
        "C": 15,
        "M": 15,
        "S": 15,
        "N": 14,
        "Z": 14,
        "G": 13,
        "J": 13,
        "R": 11,
        "H": 11,
        "F": 11,
        "K": 11,
        "I": 10,
        "P": 9,
        "D": 7,
        "B": 6,
        "V": 6
      },
      "2": {
        "A": 386,
        "F": 226,
        "G": 124,
        "E": 121,
        "H": 64,
        "C": 62,
        "D": 52,
        "S": 43,
        "V": 42,
        "M": 40,
        "L": 35,
        "B": 35,
        "P": 31,
        "K": 27,
        "Z": 24,
        "U": 24,
        "X": 21,
        "T": 20,
        "Y": 19,
        "2": 19,
        "4": 19,
        "N": 18,
        "1": 18,
        "7": 18,
        "J": 18,
        "R": 17,
        "5": 16,
        "3": 15,
        "9": 15,
        "I": 14,
        "0": 13,
        "Q": 12,
        "6": 12,
        "8": 11,
        "O": 11,
        "W": 10
      },
      "3": {
        "1": 282,
        "0": 199,
        "2": 146,
        "4": 122,
        "3": 120,
        "5": 111,
        "7": 89,
        "6": 87,
        "9": 76,
        "8": 52,
        "L": 25,
        "S": 23,
        "T": 23,
        "B": 19,
        "H": 17,
        "W": 17,
        "J": 17,
        "K": 16,
        "N": 16,
        "D": 15,
        "A": 15,
        "V": 15,
        "F": 14,
        "C": 14,
        "Z": 14,
        "P": 12,
        "U": 12,
        "M": 11,
        "Y": 11,
        "G": 11,
        "X": 10,
        "E": 10,
        "I": 9,
        "O": 8,
        "R": 7,
        "Q": 7
      },
      "4": {
        "0": 157,
        "9": 145,
        "6": 144,
        "2": 141,
        "5": 132,
        "1": 130,
        "3": 125,
        "7": 121,
        "4": 100,
        "8": 92,
        "H": 24,
        "L": 19,
        "X": 19,
        "M": 19,
        "A": 18,
        "V": 18,
        "U": 17,
        "Y": 16,
        "W": 16,
        "O": 16,
        "C": 14,
        "I": 14,
        "P": 14,
        "T": 14,
        "R": 13,
        "J": 12,
        "F": 12,
        "S": 12,
        "E": 12,
        "G": 10,
        "Q": 10,
        "N": 10,
        "K": 10,
        "Z": 9,
        "B": 9,
        "D": 8
      },
      "5": {
        "5": 189,
        "1": 135,
        "8": 130,
        "0": 130,
        "9": 128,
        "2": 125,
        "4": 125,
        "3": 113,
        "6": 112,
        "7": 104,
        "F": 21,
        "Y": 19,
        "E": 18,
        "V": 18,
        "U": 17,
        "M": 17,
        "I": 17,
        "H": 17,
        "S": 16,
        "L": 15,
        "R": 15,
        "Z": 15,
        "A": 15,
        "W": 14,
        "C": 14,
        "G": 13,
        "O": 13,
        "Q": 11,
        "X": 11,
        "B": 11,
        "D": 10,
        "P": 10,
        "T": 10,
        "K": 9,
        "N": 9,
        "J": 6
      },
      "6": {
        "3": 164,
        "9": 142,
        "4": 137,
        "2": 132,
        "8": 129,
        "6": 125,
        "5": 124,
        "0": 118,
        "1": 110,
        "7": 108,
        "W": 23,
        "E": 20,
        "X": 19,
        "U": 19,
        "A": 17,
        "K": 16,
        "G": 16,
        "Q": 16,
        "O": 16,
        "P": 15,
        "S": 15,
        "H": 14,
        "Y": 14,
        "Z": 14,
        "I": 13,
        "F": 13,
        "T": 12,
        "B": 12,
        "N": 12,
        "R": 12,
        "L": 12,
        "C": 10,
        "J": 10,
        "V": 9,
        "D": 9,
        "M": 5
      },
      "7": {
        "9": 145,
        "6": 130,
        "1": 123,
        "3": 122,
        "4": 117,
        "7": 116,
        "0": 116,
        "5": 109,
        "8": 99,
        "2": 96,
        "M": 15,
        "T": 13,
        "X": 13,
        "Y": 12,
        "P": 11,
        "C": 11,
        "I": 11,
        "F": 11,
        "L": 10,
        "J": 10,
        "B": 10,
        "U": 10,
        "O": 10,
        "V": 9,
        "G": 9,
        "K": 9,
        "E": 8,
        "S": 7,
        "H": 7,
        "D": 7,
        "R": 7,
        "Z": 6,
        "N": 6,
        "A": 6,
        "W": 6,
        "Q": 5
      },
      "8": {
        "7": 26,
        "1": 24,
        "2": 22,
        "3": 21,
        "5": 20,
        "0": 20,
        "6": 19,
        "4": 18,
        "9": 18,
        "8": 13,
        "E": 5,
        "P": 4,
        "A": 4,
        "U": 3,
        "L": 3,
        "T": 3,
        "J": 3,
        "C": 3,
        "I": 3,
        "S": 2,
        "K": 2,
        "G": 2,
        "W": 2,
        "D": 2,
        "V": 2,
        "O": 2,
        "Z": 2,
        "R": 1,
        "X": 1,
        "F": 1,
        "N": 1,
        "Y": 1
      }
    },
    "character_types": {
      "digits": 9268,