{
  "summary": {
    "Character Error Rate (CER)": "0.0231",
    "Plate-level Accuracy": "0.8789",
    "Plate-level Precision": "0.8789",
    "Plate-level Recall": "0.8789",
    "Plate-level F1 Score": "0.8789",
    "Detection Rate": "1.0000",
    "False Positive Rate": "0.0000",
    "False Negative Rate": "0.0000"
  },
  "performance": {
    "Average Latency (ms)": "15.71",
    "Median Latency (ms)": "15.70",
    "Min Latency (ms)": "15.60",
    "Max Latency (ms)": "20.10",
    "Throughput (plates/sec)": "63.65"
  },
  "detailed_metrics": {
    "cer": 0.023096102847918833,
    "char_precision": 0.9765666339103485,
    "char_recall": 0.9765666339103485,
    "char_f1": 0.9765666339103485,
    "plate_accuracy": 0.8789346246973365,
    "plate_precision": 0.8789346246973365,
    "plate_recall": 0.8789346246973365,
    "plate_f1": 0.8789346246973365,
    "detection_rate": 1.0,
    "false_positive_rate": 0.0,
    "false_negative_rate": 0.0,
    "avg_latency": 0.015710653753026632,
    "median_latency": 0.0157,
    "min_latency": 0.0156,
    "max_latency": 0.0201,
    "throughput": 63.65107497880867,
    "total_samples": 1652,
    "detected_samples": 1652,
    "correct_detections": 1452,
    "false_positives": 0,
    "false_negatives": 0,
    "total_characters": 13229,
    "correct_characters": 12919,
    "insertion_errors": 54,
    "deletion_errors": 14,
    "substitution_errors": 242
  }
}